step,N,errors,error_rate
step1,1499,206,0.13742494996664442
full,1499,206,0.13742494996664442
